<?xml version="1.0"?>
<assessmentItems>
	<assessmentItem konplexutasuna="3" subject="Mikologia">
		<itemBody> 
			<p>Amanita muskaria zer da?</p>
		</itemBody>
		<correctResponse>
			<value>Perretxikoa</value>
		</correctResponse>
	</assessmentItem>
	<assessmentItem konplexutasuna="5" subject="Mikologia">
		<itemBody>
			<p>Amanita hilkorrena da:</p>
		</itemBody>
		<correctResponse>
			<value>Phalloides</value>
		</correctResponse>
		</assessmentItem>
	<assessmentItem konplexutasuna="1" subject="EHU"><itemBody><p>Nor da WSko irakaslea?</p></itemBody><correctResponse><value>Rosa</value></correctResponse></assessmentItem>
	<assessmentItem konplexutasuna="4" subject="Sateltasuna"><itemBody><p>Xabi eta Xabin...</p></itemBody><correctResponse><value>Satelak dira</value></correctResponse></assessmentItem><assessmentItem konplexutasuna="5" subject="SlapChop"><itemBody><p>Grae</p></itemBody><correctResponse><value>Graty</value></correctResponse></assessmentItem><assessmentItem konplexutasuna="5" subject="SlapChop"><itemBody><p>Grae</p></itemBody><correctResponse><value>Graty</value></correctResponse></assessmentItem><assessmentItem konplexutasuna="1" subject="Xabinen joku putak"><itemBody><p>Hipertension...?</p></itemBody><correctResponse><value>Petunia.</value></correctResponse></assessmentItem><assessmentItem konplexutasuna="1" subject="Xabinen joku putak"><itemBody><p>Hipertension...?</p></itemBody><correctResponse><value>Petunia.</value></correctResponse></assessmentItem><assessmentItem konplexutasuna="2" subject="Izenak"><itemBody><p>Xabi...</p></itemBody><correctResponse><value>Linazasoro</value></correctResponse></assessmentItem><assessmentItem konplexutasuna="1" subject="Musika"><itemBody><p>Gitarraren soka kopurua</p></itemBody><correctResponse><value>6</value></correctResponse></assessmentItem><assessmentItem konplexutasuna="3" subject="Musika"><itemBody><p>Jo aurretik, gitarra ... egin behar da</p></itemBody><correctResponse><value>Afinatu</value></correctResponse></assessmentItem><assessmentItem konplexutasuna="2" subject="Musika"><itemBody><p>Gitarraz bakarrik jotako abestia</p></itemBody><correctResponse><value>Akustikoa</value></correctResponse></assessmentItem><assessmentItem konplexutasuna="5" subject="Astronomia"><itemBody><p>Xabiren azan tama&#xF1;a</p></itemBody><correctResponse><value>Bai</value></correctResponse></assessmentItem><assessmentItem konplexutasuna="5" subject="Pizzonomia"><itemBody><p>Pizza zemouzkua do?</p></itemBody><correctResponse><value>Earra</value></correctResponse></assessmentItem><assessmentItem konplexutasuna="2" subject="Gozologia"><itemBody><p>Kode hau zemouzkua da?</p></itemBody><correctResponse><value>gozua</value></correctResponse></assessmentItem><assessmentItem konplexutasuna="1" subject="Txorologia"><itemBody><p>Antartikan ba da hartz zuririk?</p></itemBody><correctResponse><value>Ez</value></correctResponse></assessmentItem><assessmentItem konplexutasuna="5" subject="Lehengusuologia"><itemBody><p>nola da xabi&#xF1;en lehengusua?</p></itemBody><correctResponse><value>aitor</value></correctResponse></assessmentItem></assessmentItems>
